Ranking,Name,Best,Worst,Average,StDev,ADP
1,"Mike Trout (LAA, CF) ",1,2,1,0.2,1
2,"Mookie Betts (BOS, RF) ",2,15,3.2,2.6,2
3,"Jose Altuve (HOU, 2B) ",2,10,4.4,1.8,3
4,"Kris Bryant (CHC, 1B,3B,LF,RF) ",2,11,5.1,2.1,5
5,"Paul Goldschmidt (ARI, 1B) ",2,12,5.4,2.2,7
6,"Nolan Arenado (COL, 3B) ",3,9,5.4,1.4,4
7,"Clayton Kershaw (LAD, SP) ",1,21,6.8,4.5,6
8,"Manny Machado (BAL, 3B,SS) ",3,23,8.5,3.3,8
9,"Bryce Harper (WSH, RF) ",5,17,9.7,2.4,9
10,"Josh Donaldson (TOR, 3B) DTD ",6,17,10.5,2.6,10
11,"Anthony Rizzo (CHC, 1B) ",6,28,11.6,3.8,12
12,"Miguel Cabrera (DET, 1B) ",6,16,12.1,2.4,14
13,"Charlie Blackmon (COL, CF) ",8,34,14.4,4.6,15
14,"Max Scherzer (WSH, SP) DTD ",7,36,15.9,5.8,13
15,"Carlos Correa (HOU, SS) ",10,35,17.2,4.6,18
16,"Trea Turner (WSH, 2B,CF) ",5,34,17.4,7.9,11
17,"Madison Bumgarner (SF, SP) ",12,36,19.5,5.6,16
18,"Corey Seager (LAD, SS) ",13,33,21.1,5.5,17
19,"Joey Votto (CIN, 1B) ",12,36,21.2,6.3,20
20,"Starling Marte (PIT, LF,CF) ",12,67,23.2,11.3,23
21,"Noah Syndergaard (NYM, SP) ",12,42,24.5,7.6,19
22,"Chris Sale (BOS, SP) ",18,46,25.1,5.9,21
23,"Freddie Freeman (ATL, 1B) ",14,45,25.7,7.1,26
24,"Edwin Encarnacion (CLE, 1B,DH) ",13,60,26,9.1,24
25,"Robinson Cano (SEA, 2B) ",15,46,27,6.8,30
26,"Corey Kluber (CLE, SP) ",17,49,28,7,22
27,"Francisco Lindor (CLE, SS) ",18,44,28.9,6.6,25
28,"Ryan Braun (MIL, LF) ",15,66,29.6,10,36
29,"Nelson Cruz (SEA, RF,DH) ",16,50,29.6,7.3,39
30,"George Springer (HOU, RF) ",16,49,30.6,8.7,31
31,"Xander Bogaerts (BOS, SS) ",15,62,31.7,8.5,27
32,"Brian Dozier (MIN, 2B) ",21,56,36.1,8.1,33
33,"A.J. Pollock (ARI, CF) ",20,70,37.1,12.5,32
34,"Trevor Story (COL, SS) ",19,89,38.2,12.7,34
35,"Jonathan Villar (MIL, 2B,3B,SS) ",10,81,38.3,17.4,29
36,"J.D. Martinez (DET, RF) ",23,73,38.8,11,46
37,"Giancarlo Stanton (MIA, RF) ",13,93,38.9,13.8,38
38,"Carlos Gonzalez (COL, RF) ",24,79,41.7,12.4,48
39,"Daniel Murphy (WSH, 1B,2B) ",17,74,42,14.5,37
40,"Ian Desmond (COL, LF,CF) ",16,72,42.5,14.4,51
41,"Rougned Odor (TEX, 2B) ",14,75,44,15.7,41
42,"Jose Abreu (CWS, 1B) ",24,65,44,9.6,58
43,"Jake Arrieta (CHC, SP) ",28,85,44.1,10.6,28
44,"Jon Lester (CHC, SP) ",32,73,45.2,10.2,35
45,"Johnny Cueto (SF, SP) ",28,86,48.8,10.9,45
46,"Yu Darvish (TEX, SP) ",25,152,50.3,22.5,40
47,"Wil Myers (SD, 1B,RF) ",26,74,51.6,13.2,53
48,"Justin Verlander (DET, SP) ",35,155,52.3,21.6,43
49,"Yoenis Cespedes (NYM, LF,CF) ",26,80,53.2,12.3,55
50,"Christian Yelich (MIA, LF,CF) ",25,84,53.5,13.1,57
51,"Kyle Seager (SEA, 3B) ",34,106,54.4,15,59
52,"Stephen Strasburg (WSH, SP) ",21,84,56.1,15.2,50
53,"Andrew McCutchen (PIT, CF) ",31,99,56.5,12.4,61
54,"Gregory Polanco (PIT, LF,RF) ",36,86,57,10.1,64
55,"Buster Posey (SF, C,1B) ",22,111,57.5,21.3,44
56,"Carlos Carrasco (CLE, SP) ",31,100,57.6,12.5,56
57,"Adrian Beltre (TEX, 3B) ",34,120,60.5,14.4,72
58,"Chris Archer (TB, SP) ",43,87,62.1,9.3,60
59,"Justin Upton (DET, LF,CF) ",34,114,62.4,15.6,80
60,"Hanley Ramirez (BOS, 1B) ",30,96,62.6,16.1,79
61,"David Price (BOS, SP) DTD ",26,224,64,36.6,42
62,"Chris Davis (BAL, 1B) ",41,104,65.8,13.8,73
63,"Ian Kinsler (DET, 2B) ",45,96,66.9,12.8,71
64,"Todd Frazier (CWS, 1B,3B) ",40,111,69.1,15.6,75
65,"Jacob DeGrom (NYM, SP) ",44,175,69.9,22.8,63
66,"Dee Gordon (MIA, 2B) ",37,199,71,31.5,54
67,"Aroldis Chapman (NYY, RP) ",41,98,73,14.1,52
68,"Jean Segura (SEA, 2B,SS) ",35,149,73.3,26.5,62
69,"Mark Trumbo (BAL, RF,DH) ",21,138,73.5,23.5,76
70,"Kenley Jansen (LAD, RP) ",40,104,73.5,15.3,49
71,"Gary Sanchez (NYY, C) ",22,151,73.7,29,47
72,"Kyle Schwarber (CHC, C,LF) ",24,124,74.7,22,68
73,"Kyle Hendricks (CHC, SP) ",51,144,76.9,19.9,69
74,"Matt Carpenter (STL, 1B,2B,3B) ",39,130,77.8,23.1,70
75,"Anthony Rendon (WSH, 3B) ",41,111,77.8,15.6,94
76,"Khris Davis (OAK, LF,DH) ",49,103,78.4,14.3,84
77,"Matt Kemp (ATL, LF,RF) ",42,177,81.8,21.5,93
78,"Jason Kipnis (CLE, 2B) ",57,115,82.2,14.9,82
79,"Adam Jones (BAL, CF) ",44,114,82.4,15,99
80,"Jonathan Lucroy (TEX, C,1B) ",45,162,82.8,28.5,65
81,"Zach Britton (BAL, RP) ",49,163,83.5,19.7,66
82,"Eric Hosmer (KC, 1B) ",41,161,84.4,22,106
83,"Evan Longoria (TB, 3B) ",48,135,84.6,19.8,96
84,"Carlos Martinez (STL, SP) ",45,186,85.4,26.5,74
85,"Alex Bregman (HOU, 3B) ",42,151,87.5,28.1,83
86,"Masahiro Tanaka (NYY, SP) ",65,192,89,24,87
87,"Jose Bautista (TOR, RF,DH) ",50,123,89,15.3,100
88,"DJ LeMahieu (COL, 2B) ",57,160,90,22.9,86
89,"David Dahl (COL, LF,CF) DTD ",58,144,90.1,21.9,92
90,"Billy Hamilton (CIN, CF) ",41,227,90.8,39.4,67
91,"Carlos Santana (CLE, 1B,DH) ",46,187,92.5,31,116
92,"Cole Hamels (TEX, SP) ",51,203,95.6,25.2,78
93,"Gerrit Cole (PIT, SP) ",67,205,98.7,26.6,97
94,"Albert Pujols (LAA, 1B,DH) DTD ",52,151,100.4,24.7,134
95,"Jose Quintana (CWS, SP) ",67,207,100.6,27.2,98
96,"Zack Greinke (ARI, SP) ",49,239,102.1,34.6,88
97,"Seung Hwan Oh (STL, RP) ",73,135,102.9,13.8,81
98,"Adam Eaton (WSH, CF,RF) ",66,153,104.4,16.7,117
99,"Edwin Diaz (SEA, RP) ",77,129,104.7,11.5,91
100,"Lorenzo Cain (KC, CF,RF) ",53,162,105,24,118
101,"Kenta Maeda (LAD, SP) ",55,199,106.5,29.9,103
102,"Craig Kimbrel (BOS, RP) ",80,160,106.7,15.6,89
103,"Roberto Osuna (TOR, RP) ",82,156,108.7,17.2,90
104,"Justin Turner (LAD, 3B) ",45,206,109.8,29.3,110
105,"Mark Melancon (SF, RP) ",57,154,104,18.2,77
106,"Jackie Bradley (BOS, CF) ",64,197,111.5,34.8,122
107,"Danny Duffy (KC, SP,RP) ",67,196,107.6,27.3,102
108,"Odubel Herrera (PHI, CF) ",82,170,114.3,23.2,119
109,"Stephen Piscotty (STL, CF,RF) ",67,192,116,26.1,125
110,"Danny Salazar (CLE, SP) ",72,180,116.3,25.4,109
111,"Rick Porcello (BOS, SP) ",71,226,116.6,30.7,95
112,"Julio Teheran (ATL, SP) ",81,294,117.7,39.2,104
113,"Wade Davis (CHC, RP) ",82,169,114.8,17.9,85
114,"Kenneth Giles (HOU, RP) ",83,170,118.1,17.2,105
115,"Dustin Pedroia (BOS, 2B) ",76,240,124.8,36.8,127
116,"Andrew Miller (CLE, RP) ",69,196,125,28.3,111
117,"Willson Contreras (CHC, C,LF) ",67,221,125.7,31.9,101
118,"Andrew Benintendi (BOS, LF) ",69,226,126.3,30.5,135
119,"Aaron Sanchez (TOR, SP) ",76,315,127.7,44.5,108
120,"Rich Hill (LAD, SP) ",79,194,121.9,28.1,115
121,"Miguel Sano (MIN, 3B,RF,DH) ",78,236,129.9,35.8,129
122,"Jose Ramirez (CLE, 3B,LF) ",59,230,126.6,47,120
123,"Adrian Gonzalez (LAD, 1B) ",71,253,133.8,40.2,153
124,"Michael Fulmer (DET, SP) ",107,300,136.9,35.9,124
125,"Maikel Franco (PHI, 3B) ",63,224,137.6,32.6,141
126,"Addison Russell (CHC, SS) ",69,244,137.6,34.9,133
127,"Kelvin Herrera (KC, RP) ",101,251,133.7,29.6,112
128,"Kole Calhoun (LAA, RF) ",88,189,142.4,25,180
129,"Cody Allen (CLE, RP) ",104,244,137.2,28.1,107
130,"Dallas Keuchel (HOU, SP) ",68,210,138.6,34,126
131,"Jake Lamb (ARI, 3B) ",88,261,144.2,32.5,163
132,"Adam Duvall (CIN, LF,RF) ",89,199,144.2,31,149
133,"Marcus Stroman (TOR, SP) ",107,288,145.7,31.7,146
134,"Kevin Gausman (BAL, SP) ",107,275,146.5,35.5,151
135,"Felix Hernandez (SEA, SP) ",106,268,141.8,32.1,114
136,"J.T. Realmuto (MIA, C) ",114,223,147,27.5,131
137,"Aledmys Diaz (STL, SS) ",99,235,147.2,35.3,130
138,"Salvador Perez (KC, C) ",103,209,148,28.5,137
139,"John Lackey (CHC, SP) ",91,248,144.2,31.3,148
140,"Jeurys Familia (NYM, RP) ",110,187,144.7,20.8,113
141,"Hunter Pence (SF, RF) ",92,276,149.9,40.8,177
142,"Troy Tulowitzki (TOR, SS) ",85,256,150.2,37.2,138
143,"David Robertson (CWS, RP) ",105,256,151.3,31.5,132
144,"Matt Harvey (NYM, SP) ",105,302,151.7,49.4,128
145,"Marcell Ozuna (MIA, LF,CF,RF) ",103,253,152.3,29,182
146,"Brandon Belt (SF, 1B) ",60,256,153,39.9,164
147,"Dexter Fowler (STL, CF) ",88,225,154.2,28.5,168
148,"Yasmani Grandal (LAD, C) ",100,259,155,36.2,145
149,"Lance McCullers (HOU, SP) DL15 ",83,266,150.6,41.6,159
150,"Aaron Nola (PHI, SP) ",96,239,155.6,34.9,171
151,"Steven Matz (NYM, SP) DL15 ",112,247,156.9,29.6,147
152,"Jameson Taillon (PIT, SP) ",56,249,152.4,33.8,144
153,"Kendrys Morales (TOR, 1B,RF,DH) ",82,265,155.1,43.3,152
154,"Victor Martinez (DET, 1B,DH) ",91,262,159.9,39.3,205
155,"Evan Gattis (HOU, C,DH) ",89,283,161.2,45,121
156,"Ben Zobrist (CHC, 2B,LF,RF) ",77,240,160.9,38.1,156
157,"Alexander Colome (TB, RP) ",103,278,157,36.2,123
158,"Eduardo Nunez (SF, 3B,SS) ",97,275,171.2,45.4,136
159,"Joc Pederson (LAD, CF) ",118,243,171.5,32.8,191
160,"Jonathan Schoop (BAL, 2B) ",106,241,173,34.7,175
161,"Byron Buxton (MIN, CF) ",93,270,173.5,45.1,172
162,"Carlos Gomez (TEX, LF,CF,RF) ",90,248,169.4,39.8,207
163,"Elvis Andrus (TEX, SS) ",96,273,174,37.4,167
164,"Brad Miller (TB, 1B,SS) ",85,274,165.7,43.2,165
165,"Yasmany Tomas (ARI, LF,RF) ",90,254,170.2,41.9,155
166,"James Paxton (SEA, SP) ",97,257,172,34.6,157
167,"Nomar Mazara (TEX, LF,RF) ",92,245,176.6,34.9,201
168,"Tanner Roark (WSH, SP) ",91,370,175.1,48.2,142
169,"Russell Martin (TOR, C) ",141,260,177.6,29.9,181
170,"Vincent Velasquez (PHI, SP) ",141,280,179.6,30.6,174
171,"Dellin Betances (NYY, RP) ",113,291,167.2,35,166
172,"Jonathan Gray (COL, SP) ",134,284,171.8,35,187
173,"Ryon Healy (OAK, 3B) ",109,268,180.3,38,197
174,"Javier Baez (CHC, 2B,3B,SS) ",118,294,181.4,47.2,150
175,"Carlos Beltran (HOU, RF,DH) ",114,245,183.4,28.7,198
176,"Francisco Rodriguez (DET, RP) ",111,323,180.5,45,140
177,"Randal Grichuk (STL, CF) ",126,256,184,27.4,211
178,"A.J. Ramos (MIA, RP) ",114,289,182,34.5,139
179,"Jeff Samardzija (SF, SP) ",115,240,182,31.7,178
180,"Jay Bruce (NYM, RF) ",130,291,187.1,37.5,176
181,"Michael Brantley (CLE, LF) ",117,262,187.1,38.8,186
182,"Keon Broxton (MIL, CF) ",117,257,188.1,37.4,202
183,"Brian McCann (HOU, C,DH) ",140,273,188.8,41.1,173
184,"Devon Travis (TOR, 2B) ",89,286,189.1,42.1,192
185,"Mike Napoli (TEX, 1B,DH) ",125,269,188.2,33.6,204
186,"Jose Peraza (CIN, 2B,SS,LF,CF) ",77,285,180.3,49.1,143
187,"Jake Odorizzi (TB, SP) ",155,334,189.7,30.9,188
188,"Ender Inciarte (ATL, LF,CF) ",108,240,192.3,31.7,203
189,"J.A. Happ (TOR, SP) ",149,329,190.2,34.1,162
190,"Sean Manaea (OAK, SP) DL15 ",127,372,191.8,48.3,169
191,"Julio Urias (LAD, SP) ",132,381,192.2,49.1,158
192,"Matt Shoemaker (LAA, SP) ",128,255,190.3,29.6,208
193,"Logan Forsythe (LAD, 2B) ",120,266,194.9,33.5,220
194,"Robbie Ray (ARI, SP) ",122,248,190.2,27.8,206
195,"Tony Watson (PIT, RP) ",135,253,190.4,27.7,154
196,"Carlos Rodon (CWS, SP) ",137,299,194.7,35.9,183
197,"Michael Pineda (NYY, SP) ",109,277,196.9,39.9,212
198,"Marcus Semien (OAK, SS) ",101,275,198.1,39.6,251
199,"Sam Dyson (TEX, RP) ",126,301,196.9,36.3,161
200,"Dansby Swanson (ATL, SS) ",112,283,198.4,37.2,170
201,"Sonny Gray (OAK, SP) ",139,369,205.2,48.7,184
202,"Eric Thames (MIL, LF,RF) ",49,290,188.4,54.9,226
203,"Tommy Joseph (PHI, 1B) ",121,261,200.2,36.6,243
204,"Yasiel Puig (LAD, RF) ",89,294,200.6,46.5,218
205,"Mike Moustakas (KC, 3B) ",132,276,208.1,37.5,246
206,"Drew Smyly (SEA, SP) ",151,279,205,31,210
207,"Anthony DeSclafani (CIN, SP) ",135,327,202.7,40.3,209
208,"Drew Pomeranz (BOS, SP) ",130,348,199.6,40.2,215
209,"Nick Castellanos (DET, 3B) ",93,284,205.8,36.9,235
210,"Curtis Granderson (NYM, LF,CF,RF) ",157,291,212.2,30.2,244
211,"Tim Anderson (CWS, SS) ",111,273,206.3,40,193
212,"Joe Ross (WSH, SP) ",168,339,210.3,35.2,213
213,"Raisel Iglesias (CIN, SP,RP) ",132,349,214.7,50.4,190
214,"Melky Cabrera (CWS, LF) ",115,331,217.6,43.8,247
215,"Neil Walker (NYM, 2B) ",143,267,214,32.3,248
216,"Marco Estrada (TOR, SP) ",151,444,218.1,55.5,196
217,"Hunter Renfroe (SD, RF) ",126,304,217.6,39.9,225
218,"Jacoby Ellsbury (NYY, CF) ",133,274,217.6,28,239
219,"Matt Moore (SF, SP) ",150,289,215.4,39.4,185
220,"Taijuan Walker (ARI, SP) ",104,388,218.7,53.6,230
221,"Garrett Richards (LAA, SP) ",133,479,223.1,59.1,214
222,"Kevin Kiermaier (TB, CF) ",114,308,212.9,48.1,227
223,"Jerad Eickhoff (PHI, SP) ",129,390,221.8,46.1,221
224,"Brandon Crawford (SF, SS) ",154,341,226.1,34.5,223
225,"Adam Ottavino (COL, RP) ",116,391,225.4,52.9,179
226,"Starlin Castro (NYY, 2B) ",120,275,222.6,31.9,260
227,"Hisashi Iwakuma (SEA, SP) ",136,344,224.1,41.1,238
228,"Adam Wainwright (STL, SP) ",165,492,225.5,63.5,199
229,"Rajai Davis (OAK, LF,CF) ",133,390,229,47.9,234
230,"Welington Castillo (BAL, C) ",147,317,230.7,43.8,189
231,"Matt Holliday (NYY, 1B,LF) ",144,293,220.8,40.1,245
232,"C.J. Cron (LAA, 1B) ",180,331,227.6,35.2,252
233,"Max Kepler (MIN, RF) ",78,298,221.8,50.3,261
234,"Brett Gardner (NYY, LF) ",153,316,233.2,35.8,327
235,"David Peralta (ARI, RF) ",138,302,233.3,35.1,307
236,"Shawn Kelley (WSH, RP) ",127,291,229,43.9,195
237,"Jung-Ho Kang (PIT, 3B) ",149,385,236,39.4,257
238,"Yadier Molina (STL, C) ",161,335,239.5,39.4,194
239,"Greg Bird (NYY, 1B) ",162,320,232.8,37.1,262
240,"Domingo Santana (MIL, RF) ",177,303,238.6,31.6,293
241,"Jason Heyward (CHC, CF,RF) ",137,315,237.1,38.9,269
242,"Yulieski Gurriel (HOU, 3B) ",158,321,238.3,41.4,303
243,"Blake Snell (TB, SP) ",170,330,242,35.1,242
244,"Jharel Cotton (OAK, SP) ",145,368,241.8,48.7,281
245,"Corey Dickerson (TB, LF,DH) ",200,333,248.6,30.1,339
246,"Ryan Madson (OAK, RP) ",164,380,246.6,46.7,231
247,"Michael Conforto (NYM, LF,CF,RF) ",183,308,237.9,33.4,268
248,"Gio Gonzalez (WSH, SP) ",181,303,246.9,33.2,340
249,"Chris Carter (NYY, 1B) ",138,302,238.2,43.8,286
250,"Eugenio Suarez (CIN, 3B) ",134,305,250,38.2,298
251,"Matt Wieters (WSH, C) ",169,356,248.3,38.3,219
252,"Didi Gregorius (NYY, SS) ",164,306,250.1,27.8,249
253,"Stephen Vogt (OAK, C,DH) ",152,382,245.7,47.4,228
254,"Collin McHugh (HOU, SP) ",176,326,248,33.4,270
255,"Shin-Soo Choo (TEX, RF) ",162,338,252.1,40.5,329
256,"Hector Neris (PHI, RP) ",131,396,246.1,59.5,217
257,"Justin Bour (MIA, 1B) ",189,314,246.7,34.9,359
258,"Manuel Margot (SD, CF) ",121,315,251.3,45.6,265
259,"Jedd Gyorko (STL, 1B,2B,3B,SS) ",193,327,250.8,33.8,229
260,"Ian Kennedy (KC, SP) ",193,347,255.2,35,258
261,"Joshua Bell (PIT, 1B,RF) ",129,313,246.6,43,282
262,"Jorge Soler (KC, LF,RF) ",148,318,254.9,37.8,295
263,"Mitch Moreland (BOS, 1B) MiLB ",120,342,252.8,48.7,369
264,"Junior Guerra (MIL, SP) ",167,421,263.3,56.1,271
265,"Hernan Perez (MIL, 2B,3B,CF,RF) ",166,425,255.2,51.4,216
266,"Kevin Pillar (TOR, CF) ",124,350,256.6,38.6,351
267,"Tyler Anderson (COL, SP) ",154,410,261,59.5,412
268,"Tyler Glasnow (PIT, SP) ",192,387,269.2,53.3,302
269,"Josh Reddick (HOU, RF) ",139,313,256.4,36.1,342
270,"Jarrod Dyson (SEA, LF,CF,RF) ",143,370,253,58.1,240
271,"Cameron Bedrosian (LAA, RP) ",154,309,254.7,38.6,222
272,"Ryan Schimpf (SD, 2B,3B) ",202,459,269.3,47.9,400
273,"Jim Johnson (ATL, RP) ",131,435,260.7,61.4,200
274,"Brandon Maurer (SD, RP) ",155,314,259.7,38.2,232
275,"Asdrubal Cabrera (NYM, SS) ",191,378,265.1,35,272
276,"Leonys Martin (SEA, CF) ",140,351,259.1,50.9,253
277,"Jeremy Hellickson (PHI, SP) ",179,389,263.9,39.8,362
278,"Tyson Ross (TEX, SP) DTD ",189,477,291,82.4,287
279,"Neftali Feliz (MIL, RP) ",152,316,253.2,50.3,241
280,"Ervin Santana (MIN, SP) ",157,382,268.9,49.9,337
281,"Brandon Phillips (ATL, 2B) ",190,346,264,33.2,330
282,"Lucas Duda (NYM, 1B) ",182,348,268.7,45.1,403
283,"Tom Murphy (COL, C) ",196,412,270.2,37.6,237
284,"Tyler Naquin (CLE, CF) ",139,414,278.2,48.7,370
285,"Josh Harrison (PIT, 2B) ",173,299,262.3,27.8,312
286,"Ivan Nova (PIT, SP,RP) ",180,388,267.9,43.1,276
287,"Dylan Bundy (BAL, SP,RP) ",186,445,280.1,70.4,263
288,"Alex Cobb (TB, SP) ",179,441,280.8,59.9,364
289,"Cameron Maybin (LAA, CF) ",209,311,264.8,23.4,308
290,"Yoan Moncada (CWS, 3B) MiLB ",194,295,251.1,26.3,224
291,"Trevor Bauer (CLE, SP,RP) ",125,440,283.8,64.2,264
292,"Tyler Skaggs (LAA, SP) ",195,375,276.8,40.4,394
293,"Fernando Rodney (ARI, RP) ",173,365,272.3,43.4,233
294,"Alexander Reyes (STL, SP,RP) DTD ",135,386,241.8,66.2,160
295,"Chris Tillman (BAL, SP) DTD ",205,421,279,42.5,332
296,"Orlando Arcia (MIL, SS) MiLB ",184,365,264.4,44.2,299
297,"Cameron Rupp (PHI, C) ",222,430,277.7,41.5,267
298,"Brandon Moss (KC, 1B,LF,RF) ",188,350,272.7,48.8,378
299,"Jason Hammel (KC, SP) ",188,456,285.5,61.9,297
300,"Jordan Zimmermann (DET, SP) ",215,445,295.9,57.1,305
301,"Travis Jankowski (SD, CF,RF) ",208,378,265.5,47,341
302,"Cesar Hernandez (PHI, 2B) ",190,320,267.5,39.9,316
303,"Scott Schebler (CIN, LF,CF,RF) ",148,442,288.2,62.1,
304,"Yangervis Solarte (SD, 2B,3B) ",213,391,275.7,46,323
305,"Brandon Kintzler (MIN, RP) ",172,455,288.7,69.4,254
306,"Roman Quinn (PHI, LF) ",124,408,302.2,76.5,
307,"Lance Lynn (STL, SP) ",185,410,284.1,52.8,310
308,"Zach Davies (MIL, SP) ",209,401,287.6,44.1,349
309,"Joe Panik (SF, 2B) ",187,375,268.2,54.3,294
310,"Wei-Yin Chen (MIA, SP) ",205,435,298.9,60.3,397
311,"Nate Jones (CWS, RP) ",176,415,290.9,49.9,255
312,"Mike Leake (STL, SP) ",235,425,298.8,57.4,414
313,"Michael Foltynewicz (ATL, SP) ",200,401,294.7,53.8,383
314,"Martin Prado (MIA, 3B) ",190,392,285,60.5,334
315,"Francisco Liriano (TOR, SP) ",196,465,309.4,75.8,382
316,"Alcides Escobar (KC, SS) ",193,412,296.8,63.9,313
317,"Arodys Vizcaino (ATL, RP) DL15 ",180,428,295.4,75.1,396
318,"Denard Span (SF, CF) ",198,417,298.4,61.4,408
319,"Andrew Triggs (OAK, SP,RP) ",230,475,310,69.9,318
320,"Pablo Sandoval (BOS, 3B) ",223,369,288.2,41.4,324
321,"C.J. Edwards (CHC, RP) ",176,504,320.2,98.2,285
322,"Aaron Judge (NYY, RF) DL15 ",159,395,301.8,66.9,284
323,"Joe Musgrove (HOU, SP) ",197,489,302.6,79.9,365
324,"Danny Valencia (SEA, 1B,3B,RF) ",231,369,290.2,33.2,379
325,"Kolten Wong (STL, 2B,CF) ",215,400,303.2,61.6,304
326,"Matt Andriese (TB, SP,RP) ",223,412,306.1,58.5,354
327,"Mitch Haniger (SEA, LF,CF) ",202,419,306.3,74.7,401
328,"Alex Gordon (KC, LF) ",235,410,302.6,51.1,335
329,"Wilson Ramos (TB, C) DTD ",239,339,285.7,27.9,236
330,"Michael Saunders (PHI, LF,RF) ",210,436,307,64,405
331,"Daniel Norris (DET, SP) ",202,476,308.5,73.8,336
332,"Kyle Barraclough (MIA, RP) ",207,382,302.3,54.3,399
333,"Bartolo Colon (ATL, SP) ",220,412,317.4,62.4,338
334,"Joe Mauer (MIN, 1B,DH) ",229,403,301.7,56.3,328
335,"Addison Reed (NYM, RP) ",235,404,297.4,42.7,250
336,"Mike Montgomery (CHC, SP,RP) ",206,458,317.6,72.1,266
337,"Nick Markakis (ATL, RF) ",187,415,315.6,75.5,393
338,"Brandon Drury (ARI, 2B,3B,LF,RF) ",218,305,275,26.8,275
339,"David Phelps (MIA, SP,RP) ",210,474,339.9,87.7,306
340,"Jose Berrios (MIN, SP) ",146,480,333.8,85.6,418
341,"Jaime Garcia (ATL, SP) ",225,397,304,48.9,366
342,"Travis Shaw (MIL, 1B,3B) ",250,333,285.5,28.9,368
343,"Tyler Thornburg (BOS, RP) ",181,477,335.7,89,309
344,"Grant Dayton (LAD, RP) ",193,373,290.5,66.1,
345,"Jeanmar Gomez (PHI, RP) ",208,461,330.3,79.6,280
346,"Adonis Garcia (ATL, 3B) ",205,419,315.8,63.9,421
347,"Matt Duffy (TB, 3B,SS) ",216,342,294.4,36.4,343
348,"Jayson Werth (WSH, LF) ",235,411,309.5,58.2,409
349,"Luke Weaver (STL, SP) ",240,373,294.3,33.8,385
350,"Jorge Polanco (MIN, 2B,3B,SS) ",189,371,306.9,67.5,
351,"Jeremy Jeffress (TEX, RP) ",178,466,303.8,99.4,311
352,"Eduardo Rodriguez (BOS, SP) ",218,420,311.3,53,344
353,"Steve Pearce (TOR, 1B,2B,LF,RF) ",223,391,299.8,63.4,345
354,"Howie Kendrick (PHI, 1B,2B,3B,LF) ",240,384,307.7,50.7,392
355,"Lucas Giolito (CWS, SP) ",248,442,326.7,64.1,301
356,"Austin Hedges (SD, C) ",175,369,309.1,53.2,355
357,"Jose Reyes (NYM, 3B,SS) ",243,356,297.7,28.6,289
358,"Michael Wacha (STL, SP,RP) ",262,424,330.3,59,395
359,"Jose De Leon (TB, SP) ",222,471,329.5,66.3,388
360,"Joaquin Benoit (PHI, RP) ",192,464,336.1,82.5,363
361,"Kennys Vargas (MIN, 1B) ",224,444,339.2,94.1,425
362,"Scott Kazmir (LAD, SP) MiLB ",231,406,326.8,56.3,374
363,"Zack Cozart (CIN, SS) ",241,387,305.7,50.2,277
364,"Steven Souza (TB, RF) ",232,462,322.9,62.6,404
365,"Carter Capps (SD, RP) DTD ",239,356,295.8,45.9,326
366,"Daniel Straily (MIA, SP) ",232,463,351.6,71.5,376
367,"Travis d'Arnaud (NYM, C) ",252,415,319.6,51.2,325
368,"Francisco Cervelli (PIT, C) ",260,429,335.3,58.9,317
369,"Ryan Zimmerman (WSH, 1B) ",251,407,332.2,56.1,347
370,"Koji Uehara (CHC, RP) ",220,406,319.3,74.4,
371,"Derek Norris (WSH, C) ",246,418,329.1,60.7,319
372,"Andrew Toles (LAD, LF,RF) ",221,377,313.5,47,346
373,"Matt Bush (TEX, RP) ",263,425,346.1,65.6,356
374,"Huston Street (LAA, RP) ",251,421,324.6,63.7,348
375,"Dan Vogelbach (SEA, 1B) ",243,423,335.1,62.1,377
376,Angel Pagan (LF) FA ,248,453,364.6,76,
377,"Chris Owings (ARI, SS,CF) ",243,321,290.8,25.4,357
378,"Mike Zunino (SEA, C) ",253,393,331.9,48.3,274
379,"Sean Doolittle (OAK, RP) ",213,468,357.3,84.5,
380,"Brett Eibner (LAD, LF,CF,RF) ",265,380,299.2,42.2,
381,"Greg Holland (COL, RP) ",232,476,359.3,80.5,375
382,"Brandon Finnegan (CIN, SP) ",238,457,352.3,72.4,387
383,"Zack Wheeler (NYM, SP) DTD ",233,474,363.2,89,380
384,"Ricky Nolasco (LAA, SP) ",236,461,364.7,71.3,419
385,"Eddie Rosario (LF,CF) DL15 ",233,444,350.2,68,
386,"Robert Gsellman (NYM, SP) ",233,416,334.4,59.6,322
387,"Avisail Garcia (CWS, LF,RF,DH) ",234,438,365.4,65.2,
388,"Freddy Galvis (PHI, SS) ",256,398,320.6,42.4,
389,"James McCann (DET, C) ",235,475,372.3,76.2,290
390,"Matthew Strahm (KC, SP,RP) ",267,469,354.6,68.5,331
391,"Jesse Chavez (LAA, SP,RP) ",237,422,329.5,92.5,
392,"Chris Devenski (HOU, SP,RP) ",246,390,339.7,52.6,398
393,"Devin Mesoraco (CIN, C) ",260,480,343.9,64.6,352
394,"Pedro Strop (CHC, RP) ",243,501,379.3,102.2,
395,"Jhonny Peralta (STL, 3B,SS) ",243,452,345.5,67.1,300
396,"Yan Gomes (CLE, C) ",244,399,349,50.3,278
397,"Bradley Zimmer (CLE, CF) NRI ",245,466,395.8,87.9,
398,"Hyun-soo Kim (BAL, LF) ",246,459,388.1,70.2,
399,"Mallex Smith (TB, LF,CF) ",267,405,324.6,42.7,
400,"Luis Severino (NYY, SP,RP) ",250,446,381.4,65.8,361
401,"Charlie Tilson (CWS, CF) DL15 ",250,383,320.2,44.5,
402,"Shelby Miller (ARI, SP) ",264,465,399.4,75.2,
403,"Melvin Upton Jr. (TOR, LF,CF) ",271,393,323.3,36.6,353
404,"Michael Lorenzen (CIN, RP) ",253,514,372.2,91.3,
405,"Chase Headley (NYY, 3B) ",263,444,373.3,66.6,
406,"Alex Dickerson (SD, LF) ",254,387,340.2,47,
407,"Reynaldo Lopez (WSH, SP,RP) ",255,476,365.5,110.5,423
408,"Andrelton Simmons (LAA, SS) ",255,472,389.9,69,
409,"Alex Wood (LAD, SP,RP) ",275,431,344.6,58.3,
410,"Pedro Alvarez (3B,DH) FA ",261,473,363,75.1,
411,"Daniel Hudson (PIT, RP) ",261,471,388.7,91.5,384
412,"Seth Smith (BAL, LF,RF) ",262,449,383.7,59.9,
413,"Mike Fiers (HOU, SP) ",267,447,371,60.7,
414,"Wilmer Flores (NYM, 1B,2B,3B) ",277,437,368,58.3,
415,"Trevor Plouffe (OAK, 1B,3B) ",265,458,382.2,63,
416,"Ketel Marte (ARI, SS) ",277,413,322.6,41.4,402
417,"Will Harris (HOU, RP) ",266,432,354.6,61.1,
418,"Raul Adalberto Mondesi (KC, 2B) ",266,431,377.6,59.5,417
419,"Jurickson Profar (TEX, 1B,2B,3B,SS,LF) ",282,462,354.1,66.8,413
420,"Yunel Escobar (LAA, 3B) ",271,502,384.1,73.9,350
421,"Blake Treinen (WSH, RP) ",271,464,369.4,76.9,410
422,"Danny Espinosa (LAA, SS) ",271,458,366,54.5,315
423,"Brad Brach (BAL, RP) ",272,477,374,66.5,321
424,"Raimel Tapia (COL, CF) ",274,426,363.6,58.9,
425,"Tyler Chatwood (COL, SP) ",275,477,412.3,66.4,386
426,"Lewis Brinson (MIL, CF) ",276,467,381.8,64.5,273
427,"Lonnie Chisenhall (CLE, RF) ",276,446,383.2,58.5,
428,"Matt Adams (STL, 1B) ",279,480,390.5,68.8,
429,"Ty Blach (SF, P,SP) ",279,372,325.5,46.5,
430,"Miguel Gonzalez (CWS, SP) ",282,468,381.7,76.5,
431,"Glen Perkins (MIN, RP) DTD ",282,344,313,31,420
432,"Drew Storen (CIN, RP) ",284,466,360.2,76.7,
433,Brett Lawrie (2B) FA ,290,408,342.2,44,
434,"David Wright (NYM, 3B) DTD ",285,431,370.4,60.6,
435,"Sandy Leon (BOS, C) ",287,461,352,62.8,259
436,"Joey Gallo (TEX, 3B) MiLB ",286,414,358.6,42.7,411
437,"Darren O'Day (BAL, RP) ",286,361,323.5,37.5,
438,"Luke Gregerson (HOU, RP) ",293,428,349.3,47.4,314
439,"Clay Buchholz (PHI, SP,RP) ",291,478,419,54.1,320
440,"Jett Bandy (MIL, C) ",291,473,387.4,58.4,
441,"Andrew Susac (MIL, C) ",291,432,358.3,61.2,
442,"Ben Revere (LAA, LF,CF) ",292,410,339,39.2,
443,"Santiago Casilla (OAK, RP) ",293,479,394.6,72.4,292
444,"Steven Wright (BOS, SP,RP) MiLB ",297,437,378.8,57.3,333
445,"Steve Cishek (SEA, RP) DTD ",301,462,381.5,80.5,
446,"Adam Conley (MIA, SP) ",302,467,365.8,54.7,373
447,"Jose Iglesias (DET, SS) ",303,463,416.9,50.1,
448,"Michael Feliz (HOU, RP) ",305,427,366,61,
449,"David Freese (PIT, 1B,3B) ",306,472,398.6,56.3,
450,"Gerardo Parra (COL, 1B,LF,CF,RF) ",310,467,397.3,50.9,
451,"A.J. Reed (HOU, 1B) ",310,447,382.3,46.6,256
452,"Corey Knebel (MIL, RP) ",311,513,426.9,62,360
453,"Hector Rondon (CHC, RP) ",311,408,364.5,36,288
454,"Pedro Baez (LAD, RP) ",313,368,340.5,27.5,
455,"Archie Bradley (ARI, SP) ",314,439,392.3,40.4,
456,"Albert Almora (CHC, CF) ",316,494,417.5,66.2,
457,"Sean Rodriguez (ATL, 1B,2B,3B,SS,LF,RF) DTD ",316,413,364.5,48.5,391
458,"Hunter Strickland (SF, RP) ",318,434,397.3,47.2,
459,"Colby Rasmus (TB, LF,CF,RF) ",319,426,393.6,39.1,
460,"Mychal Antonio Givens (BAL, RP) ",319,362,340.5,21.5,
461,"Tyler Flowers (ATL, C) ",325,454,384.3,40.4,407
462,"Robbie Grossman (MIN, LF) ",326,453,405.7,56.7,
463,"Scooter Gennett (MIL, 2B) ",328,455,390.2,43.1,
464,"Kendall Graveman (OAK, SP) ",329,456,400.3,53,
465,"Mauricio Cabrera (ATL, RP) ",330,367,348.7,15.1,
466,"Jake Barrett (ARI, RP) ",330,345,337.5,7.5,
467,"Jordy Mercer (PIT, SS) ",332,478,433,52.6,
468,"Martin Maldonado (LAA, C) ",332,432,382,50,
469,"Liam Hendriks (OAK, RP) ",334,472,403,69,
470,"Homer Bailey (CIN, SP) DL60 ",336,479,423,47.7,
471,"Luis Valbuena (LAA, 1B,3B) ",338,468,430,53.3,
472,"Ryan Dull (OAK, RP) ",338,374,357.3,12.8,381
473,"Justin Smoak (TOR, 1B) ",339,465,397,56.7,
474,"Delino DeShields (TEX, LF,CF) MiLB ",342,487,422.8,51.9,
475,"Cheslor Cuthbert (KC, 3B) ",345,475,415.8,49,
476,"J.P. Crawford (PHI, SS) NRI ",345,460,412.5,39.2,367
477,"Whit Merrifield (KC, 2B,LF) ",346,452,407,44.7,
478,"Matt Joyce (OAK, LF,RF) ",347,451,410.5,42.7,
479,"Adam Lind (WSH, 1B) ",348,448,386.5,40.3,
480,"Aaron Altherr (PHI, LF,CF,RF) ",349,420,383.3,23,
481,"R.A. Dickey (ATL, SP) ",351,471,417.8,36.9,
482,"J.J. Hardy (BAL, SS) DTD ",352,506,434.2,49.8,
483,"Adeiny Hechavarria (MIA, SS) ",354,495,441.7,62.5,
484,"Kevin Siegrist (STL, RP) ",355,512,433.5,78.5,
485,"Joakim Soria (KC, RP) ",356,431,393.5,37.5,
486,"Ozhaino Albies (ATL, SS,2B) NRI ",359,450,418.3,35.2,279
487,"Jason Castro (MIN, C) ",360,477,408,41.4,
488,"Chris Herrmann (ARI, C) ",362,452,409.3,35.6,
489,"Brandon McCarthy (LAD, SP,RP) MiLB ",363,466,426,45.1,
490,"Ryan Pressly (MIN, RP) ",363,463,426.7,45.2,
491,"Marwin Gonzalez (HOU, 1B,2B,3B,SS,LF) ",363,446,407.7,34.2,406
492,"Norichika Aoki (HOU, LF,CF) ",364,459,420.2,35,
493,"Derek Dietrich (MIA, 1B,2B,3B,LF) ",365,430,410,26.6,
494,"Brandon Guyer (CLE, LF,CF,RF) ",366,435,400.5,34.5,
495,"Anthony Cingrani (CIN, RP) ",367,403,385,18,
496,"Josh Tomlin (CLE, SP) ",368,453,411.3,30.5,371
497,"Tucker Barnhart (CIN, C) ",368,402,385,17,
498,"Nick Hundley (SF, C) ",372,449,400.7,34.4,
499,"Byung ho Park (MIN, 1B,DH) MiLB ",373,448,419.8,28.5,
500,"Tyler Austin (NYY, 1B) DTD ",373,388,382.7,6.8,
501,"Ryan Rua (TEX, 1B,LF) ",375,459,412.8,31,
502,"Edinson Volquez (MIA, SP) ",379,469,433.8,30.1,389
503,"Brad Ziegler (MIA, RP) ",380,478,430.8,39.4,283
504,"Chris Iannetta (ARI, C) ",382,476,429,47,
505,"Tyler Saladino (CWS, 2B,3B,SS) ",383,434,409,22,
506,"CC Sabathia (NYY, SP) ",385,458,418.8,25.7,372
507,"Trayce Thompson (LAD, LF,CF,RF) ",386,505,427.2,40.8,
508,"Justin Wilson (DET, RP) ",386,480,433,47,
509,"Will Smith (SF, RP) DTD ",388,511,449.5,61.5,
510,"Jhoulys Chacin (SD, SP,RP) MiLB ",389,469,446.5,33.4,
511,"Tony Wolters (COL, C) DL7 ",390,436,412,18.8,
512,"Billy Burns (KC, CF,RF) ",392,461,431.3,29,
513,"Ezequiel Carrera (TOR, LF,RF) ",393,488,442.3,38.9,
514,"Hyun Jin Ryu (LAD, SP) ",394,472,439,28.3,390
515,"Michael Taylor (WSH, CF) ",394,472,438.5,30.6,
516,"Jefry Marte (LAA, 1B,3B,LF) ",394,407,399,5.7,
517,"Nick Franklin (TB, 1B,2B,SS,LF,RF) ",397,428,413,12.9,
518,"Clint Frazier (NYY, CF,LF) NRI ",400,471,444,29,
519,"Wade Miley (BAL, SP) MiLB ",402,490,446,44,
520,"Jace Peterson (ATL, 2B,LF) ",402,460,423.8,22.1,
521,"Miguel Montero (CHC, C) ",403,476,445.3,26.9,
522,"Charlie Morton (HOU, SP) ",403,454,428.5,25.5,
523,"Joe Wendle (OAK, 2B) ",403,434,418.5,15.5,
524,"Ryan Buchter (SD, RP) ",408,470,439,31,
525,"Trevor Rosenthal (STL, RP) ",409,515,462,53,
526,"Josh Hader (MIL, SP) ",409,466,430.7,25.2,415
527,"Matthew Wisler (ATL, SP,RP) ",412,482,447,35,
528,"Bruce Maxwell (OAK, C) ",418,503,460.5,42.5,422
529,"Austin Meadows (PIT, CF) NRI ",418,473,445.5,27.5,291
530,"Jon Jay (CHC, LF,CF,RF) ",420,491,450,25.8,
531,"Brandon Nimmo (NYM, LF) ",422,447,433,10.4,
532,"Jed Lowrie (OAK, 2B) ",426,507,460,30.3,
533,"Luis Perdomo (SD, SP,RP) ",427,478,452.5,25.5,
534,"Abraham Almonte (CLE, LF,RF) ",427,438,432.5,5.5,
535,"Jorge Alfaro (PHI, C) ",428,471,449.5,21.5,
536,"Matt Boyd (DET, SP,RP) ",429,456,442.5,13.5,
537,"Chad Kuhl (PIT, SP) ",430,498,460.7,28.2,
538,"Patrick Corbin (ARI, SP,RP) ",435,474,461.5,15.9,
539,"Martin Perez (TEX, SP) ",435,462,448.5,13.5,
540,"Andre Ethier (LAD, LF) ",436,468,452,16,
541,"Hector Santiago (MIN, SP) ",438,458,448,10,
542,"Chase Utley (LAD, 2B) ",440,470,453,11.2,
543,"Chad Green (NYY, SP) DL60 ",443,481,463.7,15.7,
544,"Carlos Estevez (COL, RP) ",443,470,456.5,13.5,
545,"Blake Swihart (BOS, C,LF) ",446,462,454,8,296
546,"Brock Holt (BOS, 3B,LF) ",448,493,470.5,22.5,
547,"Andrew Bailey (LAA, RP) ",450,457,453.5,3.5,
548,"Jarrett Parker (SF, LF,RF) MiLB ",453,464,458.5,5.5,
549,"Nathan Karns (KC, SP,RP) ",457,485,469.7,11.6,424
